,ids,names,score
458,ENSG00000244694,PTCHD4,889912.9434258597
695,ENSG00000172409,CLP1,479323.5841413225
600,ENSG00000147889,CDKN2A,421197.8372770037
481,ENSG00000112319,EYA4,399676.5593106406
661,ENSG00000166189,HPS6,328298.45910862513
1146,ENSG00000196767,POU3F4,320731.68378993444
344,ENSG00000178163,ZNF518B,315971.37981251307
1143,ENSG00000131080,EDA2R,252532.96569606237
864,ENSG00000188536,HBA2,245945.18513815742
277,ENSG00000156959,LHFPL4,239657.55152566094
421,ENSG00000204764,RANBP17,159388.36713273186
1109,ENSG00000100285,NEFH,154806.07248251777
739,ENSG00000139200,PIANP,154216.1507143293
782,ENSG00000072041,SLC6A15,139719.0853892735
753,ENSG00000048540,LMO3,94389.36529595511
372,ENSG00000109670,FBXW7,85866.27460152762
1156,ENSG00000147231,CXorf57,78981.58514295306
857,ENSG00000140465,CYP1A1,73706.91922215054
267,ENSG00000171551,ECEL1,71533.0444946289
795,ENSG00000110917,MLEC,67976.36088017056
1039,ENSG00000074219,TEAD2,65886.22564206805
666,ENSG00000151650,VENTX,58299.846698760986
389,ENSG00000132846,ZBED3,56974.43321119036
329,ENSG00000172667,ZMAT3,56149.82944869995
404,ENSG00000112852,PCDHB2,55649.483386175976
164,ENSG00000007908,SELE,54232.73941312517
1011,ENSG00000130513,GDF15,50015.642605372836
497,ENSG00000004846,ABCB5,48206.55618435996
720,ENSG00000235268,KDM4E,38357.74226597377
448,ENSG00000146197,SCUBE3,36902.67498670305
1124,ENSG00000100376,FAM118A,36412.735924312045
712,ENSG00000174807,CD248,35371.017681121826
578,ENSG00000137558,PI15,34628.95119067601
1062,ENSG00000088882,CPXM1,33786.300250462125
704,ENSG00000167992,VWCE,31562.76137106759
1071,ENSG00000101350,KIF3B,29134.43452671596
691,ENSG00000134574,DDB2,28594.159514290946
247,ENSG00000182263,FIGN,27492.74343109131
118,ENSG00000134193,REG4,27219.593408584595
450,ENSG00000124762,CDKN1A,27017.149114336287
1016,ENSG00000196109,ZNF676,26630.80292565482
415,ENSG00000253305,PCDHGB6,26419.21178981236
620,ENSG00000188710,QRFP,26158.53182547433
881,ENSG00000006007,GDE1,24937.294252123153
444,ENSG00000198502,HLA-DRB5,24521.98970276969
1117,ENSG00000189060,H1F0,24389.644877842493
659,ENSG00000107821,KAZALD1,23346.514874049597
633,ENSG00000148468,FAM171A1,22792.81229509626
1126,ENSG00000073146,MOV10L1,22742.30760737828
1048,ENSG00000258405,ZNF578,22559.90900530134
709,ENSG00000110025,SNX15,22553.016928536552
1134,ENSG00000173698,GPR64,22477.052723475867
823,ENSG00000211821,TRDV2,21375.236179351807
839,ENSG00000156414,TDRD9,20810.84725843157
320,ENSG00000152977,ZIC1,20747.397010258264
490,ENSG00000136247,ZDHHC4,20420.146551949638
665,ENSG00000151640,DPYSL4,20362.813699994767
548,ENSG00000258227,CLEC5A,20269.64232962472
501,ENSG00000136231,IGF2BP3,19828.75869968959
368,ENSG00000198099,ADH4,19751.415491376603
1152,ENSG00000147206,NXF3,19609.248735700334
762,ENSG00000110881,ASIC1,19025.6409034729
33,ENSG00000175206,NPPA,18835.075388704026
597,ENSG00000173253,DMRT2,18791.215515681677
853,ENSG00000075131,TIPIN,18357.876531328475
569,ENSG00000189233,NUGGC,18317.246768951416
498,ENSG00000105877,DNAH11,18282.399465015955
1129,ENSG00000205560,CPT1B,18004.162580217635
1175,ENSG00000126890,CTAG2,17785.88516017369
902,ENSG00000159792,PSKH1,16951.54686955043
311,ENSG00000114631,PODXL2,16343.1263961792
484,ENSG00000146477,SLC22A3,16191.054718835014
894,ENSG00000205456,TP53TG3D,16183.351149422782
856,ENSG00000137807,KIF23,15567.352363586426
246,ENSG00000144290,SLC4A10,15176.14321899414
1151,ENSG00000184515,BEX5,15025.710968017578
163,ENSG00000162745,OLFML2B,14582.12864140102
801,ENSG00000132972,RNF17,14516.31767490932
506,ENSG00000146674,IGFBP3,14468.473558153424
213,ENSG00000115138,POMC,14024.887089320591
120,ENSG00000116128,BCL9,13896.567249843052
409,ENSG00000177839,PCDHB9,13745.72972052438
441,ENSG00000189134,NKAPL,13652.431324550083
1092,ENSG00000160221,C21orf33,13449.326216833932
1033,ENSG00000125746,EML2,13401.78854751587
379,ENSG00000040731,CDH10,13149.420776367188
761,ENSG00000181418,DDN,12853.100358963013
968,ENSG00000154655,L3MBTL4,12549.666776384625
675,ENSG00000244734,HBB,12279.41207245418
530,ENSG00000173114,LRRN3,12094.764140810285
64,ENSG00000117632,STMN1,12083.379055976868
413,ENSG00000253910,PCDHGB2,12074.699566977364
813,ENSG00000184226,PCDH9,11971.900899614606
201,ENSG00000180875,GREM2,11656.72607258388
610,ENSG00000198963,RORB,11654.474048069545
748,ENSG00000180574,EIF2S3L,11572.092939104352
422,ENSG00000214357,NEURL1B,11457.602843148368
377,ENSG00000063438,AHRR,11424.036906651088
218,ENSG00000237651,C2orf74,10982.161174229213
391,ENSG00000164308,ERAP2,10975.431052616665
861,ENSG00000183208,GDPGP1,10916.317861284528
635,ENSG00000077327,SPAG6,10908.043866838727
347,ENSG00000163071,SPATA18,10706.999459402901
243,ENSG00000144229,THSD7B,10664.632504054478
346,ENSG00000109158,GABRA4,10608.64836883545
1084,ENSG00000159212,CLIC6,10510.259207589286
155,ENSG00000181036,FCRL6,10403.440971102033
1065,ENSG00000171873,ADRA1D,10363.753178732735
432,ENSG00000137198,GMPR,10272.43224988665
4,ENSG00000187608,ISG15,10256.73619873183
1130,ENSG00000056998,GYG2,10250.297906058175
797,ENSG00000111432,FZD10,10082.456604548863
1038,ENSG00000105464,GRIN2D,9941.232106889996
905,ENSG00000196436,NPIPB15,9881.587765829903
812,ENSG00000118946,PCDH17,9784.666391781398
249,ENSG00000136531,SCN2A,9770.117286682129
303,ENSG00000080224,EPHA6,9757.937658582416
1144,ENSG00000186462,NAP1L2,9739.543551308769
1160,ENSG00000101882,NKAP,9712.483587537494
401,ENSG00000250120,PCDHA10,9547.003543308803
946,ENSG00000131095,GFAP,9534.86587687901
944,ENSG00000180340,FZD2,9319.645760672433
869,ENSG00000162039,MEIOB,9277.134058816093
74,ENSG00000116329,OPRD1,9268.824813638415
1077,ENSG00000124140,SLC12A5,9139.692657470703
331,ENSG00000181092,ADIPOQ,9128.335897718158
340,ENSG00000181215,C4orf50,9111.172981262207
386,ENSG00000205571,SMN2,9056.640036991665
248,ENSG00000153253,SCN3A,9050.070232118878
153,ENSG00000179639,FCER1A,8897.726695469448
641,ENSG00000183346,C10orf107,8880.032544817243
522,ENSG00000105810,CDK6,8861.032773699078
462,ENSG00000112175,BMP5,8801.208434752056
280,ENSG00000163520,FBLN2,8797.070818219867
729,ENSG00000110400,PVRL1,8667.322267804828
428,ENSG00000054598,FOXC1,8616.385175432477
300,ENSG00000185008,ROBO2,8587.466357639858
732,ENSG00000137709,POU2F3,8548.060259137836
583,ENSG00000156509,FBXO43,8493.378074645996
105,ENSG00000162639,HENMT1,8271.993287767682
518,ENSG00000186472,PCLO,8225.435540335518
326,ENSG00000114200,BCHE,8058.763736179897
766,ENSG00000123388,HOXC11,7990.032415934971
925,ENSG00000179593,ALOX15B,7755.506699698312
694,ENSG00000166793,YPEL4,7749.650608062744
525,ENSG00000242265,PEG10,7618.728880746024
524,ENSG00000127990,SGCE,7558.553118024553
151,ENSG00000163564,PYHIN1,7529.396306174142
800,ENSG00000240654,C1QTNF9,7509.98382295881
315,ENSG00000017260,ATP2C1,7473.9851360321045
108,ENSG00000134184,GSTM1,7416.2744824545725
143,ENSG00000189030,VHLL,7365.599072796957
177,ENSG00000170128,GPR25,7354.124685014997
787,ENSG00000151136,BTBD11,7277.248668125698
321,ENSG00000047457,CP,7155.623664924076
1046,ENSG00000254415,SIGLEC14,7146.014793395996
784,ENSG00000180318,ALX1,7029.860718863351
324,ENSG00000168779,SHOX2,6958.980872017996
1095,ENSG00000160233,LRRC3,6929.809085300991
103,ENSG00000117600,LPPR4,6897.54311479841
362,ENSG00000138755,CXCL9,6870.291467939104
1090,ENSG00000142178,SIK1,6795.801280430385
639,ENSG00000204147,ASAH2B,6765.914096287319
1020,ENSG00000105711,SCN1B,6694.272042410715
651,ENSG00000151224,MAT1A,6680.045459202358
187,ENSG00000174059,CD34,6665.235761914934
370,ENSG00000138795,LEF1,6611.071832929339
844,ENSG00000104044,OCA2,6513.293646676199
1106,ENSG00000099984,GSTT2,6511.296406337193
1057,ENSG00000121406,ZNF549,6485.4034739903045
1091,ENSG00000241945,PWP2,6451.868435178484
358,ENSG00000109321,AREG,6406.637095178877
933,ENSG00000256618,MTRNR2L1,6299.763984135219
1081,ENSG00000185272,RBM11,6243.537786211286
80,ENSG00000164007,CLDN19,6182.994251183101
780,ENSG00000175183,CSRP2,6179.471880231585
909,ENSG00000259803,SLC22A31,6154.847137996128
546,ENSG00000146966,DENND2A,6061.822114127023
764,ENSG00000170477,KRT4,6041.43025289263
842,ENSG00000179455,MKRN3,6007.755158424377
254,ENSG00000144331,ZNF385B,5976.192282540457
270,ENSG00000071677,PRLH,5973.175451551165
1133,ENSG00000130234,ACE2,5948.390808650425
238,ENSG00000125618,PAX8,5918.619026184082
352,ENSG00000185873,TMPRSS11B,5906.341393062046
755,ENSG00000121351,IAPP,5902.959565298898
1042,ENSG00000213023,SYT3,5873.957953044346
1066,ENSG00000172296,SPTLC3,5870.467961992536
297,ENSG00000272573,MUSTN1,5837.617551531111
952,ENSG00000136457,CHAD,5818.678281511579
196,ENSG00000212916,MAP10,5745.357524735587
513,ENSG00000127946,HIP1,5687.755405970982
427,ENSG00000168903,BTNL3,5654.084795270647
843,ENSG00000206190,ATP10A,5561.877228873117
560,ENSG00000223443,USP17L2,5513.686784471784
348,ENSG00000134853,PDGFRA,5513.30500793457
941,ENSG00000131747,TOP2A,5484.770262581961
465,ENSG00000112280,COL9A1,5480.992310183389
165,ENSG00000007933,FMO3,5440.317170279367
475,ENSG00000123500,COL10A1,5410.780627114432
1015,ENSG00000160321,ZNF208,5403.26356942313
626,ENSG00000197859,ADAMTSL2,5385.463103158133
877,ENSG00000183793,NPIPA5,5371.941460200718
392,ENSG00000145808,ADAMTS19,5363.246131896973
567,ENSG00000159167,STC1,5347.382904597691
319,ENSG00000114124,GRK7,5305.327265705381
508,ENSG00000178665,ZNF713,5277.725279126848
528,ENSG00000267368,UPK3BL,5272.969335011074
874,ENSG00000118898,PPL,5272.4731802259175
323,ENSG00000198829,SUCNR1,5262.988895961216
1140,ENSG00000101951,PAGE4,5239.4831619262695
327,ENSG00000163536,SERPINI1,5226.476783888681
849,ENSG00000062524,LTK,5223.563566480364
1089,ENSG00000160200,CBS,5220.29927444458
1074,ENSG00000124134,KCNS1,5217.249517168318
489,ENSG00000122674,CCZ1,5213.179968152727
1041,ENSG00000131409,LRRC4B,5199.414099557059
1163,ENSG00000183631,PRR32,5191.057122911726
387,ENSG00000251493,FOXD1,5147.004229681833
724,ENSG00000166682,TMPRSS5,5130.904821668352
1168,ENSG00000029993,HMGB3,5122.548827035086
145,ENSG00000125462,C1orf61,5095.862239020212
473,ENSG00000203797,DDO,5065.504908970424
279,ENSG00000196639,HRH1,5062.038762773786
621,ENSG00000126878,AIF1L,5052.232099260603
978,ENSG00000119547,ONECUT2,5037.147121429443
306,ENSG00000144821,MYH15,5018.105912889753
969,ENSG00000168454,TXNDC2,5012.575722830637
152,ENSG00000162706,CADM3,5011.316885232925
646,ENSG00000253626,EIF5AL1,4996.184629712786
434,ENSG00000168298,HIST1H1E,4991.653187343052
907,ENSG00000168418,KCNG4,4978.764887673514
179,ENSG00000163395,IGFN1,4885.739719390869
692,ENSG00000172247,C1QTNF4,4868.9938714163645
227,ENSG00000185304,RGPD2,4856.221393585205
948,ENSG00000073861,TBX21,4835.5823484148295
1118,ENSG00000100298,APOBEC3H,4801.304561070034
516,ENSG00000188372,ZP3,4793.527952466692
684,ENSG00000148965,SAA4,4783.027100699289
293,ENSG00000213672,NCKIPSD,4767.479135240827
325,ENSG00000213186,TRIM59,4748.787011282785
791,ENSG00000089225,TBX5,4684.173325674875
456,ENSG00000069122,GPR116,4647.048292977469
94,ENSG00000137959,IFI44L,4568.715245928083
840,ENSG00000066735,KIF26A,4553.0076904296875
606,ENSG00000172014,ANKRD20A4,4551.911401612418
1138,ENSG00000165583,SSX5,4548.920183454241
1052,ENSG00000095752,IL11,4536.400123596191
304,ENSG00000144820,GPR128,4517.489040919712
536,ENSG00000081803,CADPS2,4508.461465018137
1176,ENSG00000185010,F8,4496.79201398577
741,ENSG00000139197,PEX5,4489.253997802734
1166,ENSG00000101977,MCF2,4472.050156729562
1060,ENSG00000179909,ZNF154,4417.976847512381
113,ENSG00000177551,NHLH2,4416.875106947763
110,ENSG00000121931,LRIF1,4372.056127820696
809,ENSG00000139679,LPAR6,4358.775915963309
1008,ENSG00000105642,KCNN1,4337.080780029297
263,ENSG00000081052,COL4A4,4334.7369700840545
1093,ENSG00000160223,ICOSLG,4316.221025739397
203,ENSG00000197769,MAP1LC3C,4306.0602787562775
1099,ENSG00000093072,CECR1,4274.949785505022
947,ENSG00000176681,LRRC37A,4254.637399400984
310,ENSG00000189366,ALG1L,4247.104922158377
98,ENSG00000213512,GBP7,4229.1539779390605
453,ENSG00000124780,KCNK17,4208.670855113438
219,ENSG00000115507,OTX1,4196.735880715506
777,ENSG00000111087,GLI1,4192.325347900391
1079,ENSG00000101203,COL20A1,4151.190304347447
1150,ENSG00000204071,TCEAL6,4148.287073407854
540,ENSG00000135245,HILPDA,4106.5982584272115
722,ENSG00000152402,GUCY1A2,4069.807253428868
492,ENSG00000146574,CCZ1B,4065.3743569510325
662,ENSG00000185933,CALHM1,4041.1629595075333
188,ENSG00000198570,RD3,4030.927236829485
159,ENSG00000158887,MPZ,4023.0547883851186
1078,ENSG00000101198,NKAIN4,4016.96055494036
13,ENSG00000179403,VWA1,4010.5185287339345
447,ENSG00000124678,TCP11,3995.3887062072754
836,ENSG00000100433,KCNK10,3994.2207478114537
469,ENSG00000135346,CGA,3989.0046195983887
632,ENSG00000134463,ECHDC3,3986.338937486921
858,ENSG00000184206,GOLGA6L4,3967.9719205583847
454,ENSG00000048545,GUCA1A,3966.9511337280273
275,ENSG00000134107,BHLHE40,3935.320593697684
828,ENSG00000100450,GZMH,3926.9268488202774
1080,ENSG00000203883,SOX18,3926.3702501569473
519,ENSG00000170381,SEMA3E,3908.9404264177597
935,ENSG00000132141,CCT6B,3907.608941214425
721,ENSG00000118113,MMP8,3904.750617980957
565,ENSG00000173535,TNFRSF10C,3904.4978278023855
72,ENSG00000142748,FCN3,3900.0926297051565
845,ENSG00000261794,GOLGA8H,3898.9591969081334
860,ENSG00000181026,AEN,3893.2699127197266
457,ENSG00000124818,OPN5,3868.998992919922
1174,ENSG00000102178,UBL4A,3862.854202270508
420,ENSG00000039600,SOX30,3857.26961844308
570,ENSG00000172733,PURG,3844.0233459472656
696,ENSG00000156689,GLYATL2,3839.01054927281
998,ENSG00000142449,FBN3,3837.517547607422
689,ENSG00000007372,PAX6,3819.7446092878067
3,ENSG00000188290,HES4,3790.9749091012136
730,ENSG00000137699,TRIM29,3785.1467470441544
1147,ENSG00000126733,DACH2,3781.981590270996
147,ENSG00000132692,BCAN,3769.4681025913783
290,ENSG00000160801,PTH1R,3748.683141435896
199,ENSG00000116996,ZP4,3737.836693899972
640,ENSG00000170312,CDK1,3670.8572368621826
585,ENSG00000104490,NCALD,3667.877467564174
1007,ENSG00000127528,KLF2,3649.905979156494
1169,ENSG00000130032,PRRG3,3616.9867215837753
511,ENSG00000165171,WBSCR27,3576.4078968593053
751,ENSG00000178878,APOLD1,3562.020991734096
924,ENSG00000108947,EFNB3,3529.67718233381
975,ENSG00000141431,ASXL3,3516.2049288068497
682,ENSG00000133794,ARNTL,3506.824995313372
622,ENSG00000196358,NTNG2,3504.545009613037
855,ENSG00000129007,CALML4,3493.269778115409
461,ENSG00000112115,IL17A,3490.369547162737
1030,ENSG00000204936,CD177,3482.1712515694753
649,ENSG00000188199,NUTM2B,3479.410593850272
875,ENSG00000234719,RP11-166B2.1,3472.925248827253
1006,ENSG00000105131,EPHX3,3465.5981826782227
425,ENSG00000182230,FAM153B,3420.267059326172
400,ENSG00000081842,PCDHA6,3408.2347341265
527,ENSG00000244623,OR2AE1,3386.3742425101145
374,ENSG00000196104,SPOCK3,3373.93007005964
759,ENSG00000205592,MUC19,3373.7319319588796
244,ENSG00000123610,TNFAIP6,3364.4638265882218
509,ENSG00000185290,NUPR1L,3363.689332144601
735,ENSG00000166105,GLB1L3,3358.054023742676
520,ENSG00000240720,LRRD1,3344.8869432721817
838,ENSG00000183092,BEGAIN,3335.6599066598073
898,ENSG00000198417,MT1F,3317.0482570103236
690,ENSG00000149084,HSD17B12,3301.9052396501816
591,ENSG00000226807,MROH5,3292.714650290353
558,ENSG00000171044,XKR6,3270.117105756487
714,ENSG00000132744,ACY3,3258.1357229096548
482,ENSG00000118495,PLAGL1,3251.5742394583567
1098,ENSG00000183307,CECR6,3230.7348621913366
638,ENSG00000188611,ASAH2,3230.2395520891464
430,ENSG00000197977,ELOVL2,3227.7164284842356
573,ENSG00000181690,PLAG1,3211.838577270508
1125,ENSG00000130943,PKDREJ,3207.787760598319
736,ENSG00000078237,C12orf5,3198.3420377458847
746,ENSG00000134539,KLRD1,3194.0436390468053
22,ENSG00000157933,SKI,3172.3133273805893
1073,ENSG00000196839,ADA,3133.775562831334
460,ENSG00000008196,TFAP2B,3124.796490260533
699,ENSG00000110077,MS4A6A,3115.326202392578
85,ENSG00000171357,LURAP1,3096.443227495466
544,ENSG00000243317,C7orf73,3089.443438393729
378,ENSG00000186493,C5orf38,3067.7476601600647
349,ENSG00000249693,THEGL,3061.9259610857284
725,ENSG00000166736,HTR3A,3057.9818058013916
1127,ENSG00000073150,PANX2,3056.4053557259695
354,ENSG00000056291,NPFFR2,3049.1543805258616
977,ENSG00000132874,SLC14A2,3046.3126133510045
264,ENSG00000169031,COL4A3,3040.8823340279714
545,ENSG00000188883,KLRG2,3030.0944704328263
273,ENSG00000146205,ANO7,3026.8977939060755
601,ENSG00000120156,TEK,3025.74917112078
338,ENSG00000178222,RNF212,3013.8330704825266
429,ENSG00000112799,LY86,2998.0790100097656
502,ENSG00000106066,CPVL,2994.0159606933594
574,ENSG00000181195,PENK,2993.6976171221054
236,ENSG00000153208,MERTK,2987.7774859837123
476,ENSG00000183807,FAM162B,2986.9488890511648
772,ENSG00000197728,RPS26,2983.98645727975
997,ENSG00000260001,TGFBR3L,2972.5540815080917
256,ENSG00000119042,SATB2,2961.796256474086
650,ENSG00000228570,NUTM2E,2952.5321559906006
716,ENSG00000110092,CCND1,2951.589802333287
549,ENSG00000211713,TRBV6-4,2950.175519125802
376,ENSG00000186352,ANKRD37,2939.296622957502
754,ENSG00000111404,RERGL,2935.7210251944407
554,ENSG00000127377,CRYGN,2934.266256059919
1085,ENSG00000183844,FAM3B,2930.4511904035294
117,ENSG00000143067,ZNF697,2906.4064945493424
341,ENSG00000152969,JAKMIP1,2902.9136897495814
830,ENSG00000139971,C14orf37,2902.1142321995326
557,ENSG00000239839,DEFA3,2898.9521277291433
535,ENSG00000002745,WNT16,2887.8420361110143
841,ENSG00000211898,IGHD,2885.5151116507395
75,ENSG00000163873,GRIK3,2862.726499421256
988,ENSG00000104899,AMH,2844.6316370282852
774,ENSG00000166860,ZBTB39,2843.0977499825613
821,ENSG00000211798,TRAV18,2834.4618791852677
375,ENSG00000174473,GALNTL6,2833.8996091570175
865,ENSG00000102854,MSLN,2821.7792162214005
1064,ENSG00000101405,OXT,2817.8444848741806
987,ENSG00000130005,GAMT,2808.684721537999
598,ENSG00000147852,VLDLR,2793.7234497070312
688,ENSG00000109854,HTATIP2,2791.468906947545
70,ENSG00000142765,SYTL1,2791.2140524046763
437,ENSG00000124575,HIST1H1D,2790.634432383946
417,ENSG00000164270,HTR4,2785.893136705671
1053,ENSG00000063245,EPN1,2773.435131617955
278,ENSG00000157017,GHRL,2771.897403717041
487,ENSG00000225968,ELFN1,2763.538369315011
474,ENSG00000111816,FRK,2760.1633665902273
539,ENSG00000224940,PRRT4,2747.3507702691213
922,ENSG00000181856,SLC2A4,2742.028815133231
726,ENSG00000110244,APOA4,2739.6468195234024
914,ENSG00000141255,SPATA22,2730.5902121407644
1017,ENSG00000183850,ZNF730,2711.2862238202774
71,ENSG00000142733,MAP3K6,2703.188641684396
240,ENSG00000169994,MYO7B,2690.8860691615514
24,ENSG00000078900,TP73,2684.772041593279
655,ENSG00000138135,CH25H,2681.3477442605154
405,ENSG00000113205,PCDHB3,2681.2249761308944
579,ENSG00000164687,FABP5,2680.9499718802317
332,ENSG00000157005,SST,2676.139136178153
440,ENSG00000184357,HIST1H1B,2669.8078166416713
594,ENSG00000180155,LYNX1,2656.735257284982
731,ENSG00000184232,OAF,2643.9583582196915
616,ENSG00000185585,OLFML2A,2640.499159676688
224,ENSG00000163013,FBXO41,2638.526963370187
803,ENSG00000102802,MEDAG,2636.293592725481
614,ENSG00000165029,ABCA1,2623.3686485290527
1178,ENSG00000099715,PCDH11Y,2615.0518068586075
18,ENSG00000008128,CDK11A,2610.9058983666555
178,ENSG00000163362,C1orf106,2610.568359375
276,ENSG00000125046,SSUH2,2609.927167347499
343,ENSG00000229924,FAM90A26,2588.207764216832
834,ENSG00000119699,TGFB3,2571.054624285017
125,ENSG00000178096,BOLA1,2570.2510813304357
322,ENSG00000174944,P2RY14,2543.6694526672363
831,ENSG00000184227,ACOT1,2525.8283315386093
644,ENSG00000180644,PRF1,2503.9127807617188
285,ENSG00000168334,XIRP1,2502.507619312831
816,ENSG00000204442,FAM155A,2498.9124488830566
992,ENSG00000167664,TMIGD2,2498.3131010872976
436,ENSG00000196866,HIST1H2AD,2492.3228073120117
744,ENSG00000110848,CD69,2481.572901044573
142,ENSG00000254726,MEX3A,2472.2922721590317
287,ENSG00000010282,HHATL,2471.496124267578
910,ENSG00000197912,SPG7,2466.522430419922
171,ENSG00000135824,RGS8,2465.985578264509
146,ENSG00000187862,TTC24,2458.0102658952987
493,ENSG00000106392,C1GALT1,2449.7810164860316
1132,ENSG00000177138,FAM9B,2442.2850442613876
76,ENSG00000185090,MANEAL,2411.8404620034353
734,ENSG00000166106,ADAMTS15,2406.069381713867
1067,ENSG00000173335,CST9,2401.3565962655202
1088,ENSG00000160194,NDUFV3,2396.6282021658762
938,ENSG00000108342,CSF3,2395.52177974156
443,ENSG00000204428,LY6G5C,2389.748305593218
792,ENSG00000258102,RP11-809C9.2,2379.31566292899
88,ENSG00000162383,SLC1A7,2376.2316145215714
827,ENSG00000100448,CTSG,2373.928939274379
356,ENSG00000109272,PF4V1,2373.8268432617188
1000,ENSG00000188000,OR7D2,2369.0049585614884
21,ENSG00000187730,GABRD,2368.025165421622
208,ENSG00000171848,RRM2,2362.806101390294
1035,ENSG00000204866,IGFL2,2362.31145967756
216,ENSG00000138075,ABCG5,2346.5054784502304
296,ENSG00000186792,HYAL3,2338.7162105015345
1097,ENSG00000182362,YBEY,2336.3070760454452
408,ENSG00000120322,PCDHB8,2333.0447938101634
314,ENSG00000206384,COL6A6,2330.5189450127737
410,ENSG00000120329,SLC25A2,2327.8914977482386
953,ENSG00000108375,RNF43,2326.4175752912247
1145,ENSG00000196468,FGF16,2322.141528538295
1170,ENSG00000067842,ATP2B3,2319.97876058306
345,ENSG00000174145,NWD2,2309.6084126063756
1101,ENSG00000185686,PRAME,2297.005090032305
398,ENSG00000255408,PCDHA3,2296.3749460492813
258,ENSG00000155749,ALS2CR12,2281.972620827811
451,ENSG00000124772,CPNE5,2277.4747352600098
826,ENSG00000129467,ADCY4,2272.4361580439977
949,ENSG00000170689,HOXB9,2264.165642329625
364,ENSG00000169248,CXCL11,2257.9101123809814
139,ENSG00000143552,NUP210L,2255.6696652003698
1180,ENSG00000114374,USP9Y,2253.675908224923
1012,ENSG00000178093,TSSK6,2253.32381439209
911,ENSG00000187624,C17orf97,2233.422830717904
1120,ENSG00000133477,FAM83F,2232.355609893799
1183,ENSG00000154620,TMSB4Y,2231.8294437953405
211,ENSG00000143869,GDF7,2227.8250076430186
272,ENSG00000144488,ESPNL,2226.4815461294993
564,ENSG00000179388,EGR3,2225.4185338701523
96,ENSG00000171502,COL24A1,2225.2134878976003
1177,ENSG00000129824,RPS4Y1,2222.6567306518555
235,ENSG00000198203,SULT1C2,2210.497125353132
796,ENSG00000182782,HCAR2,2196.5050206865585
350,ENSG00000128040,SPINK2,2190.425729615348
917,ENSG00000262165,RP11-81A22.5,2189.924362182617
999,ENSG00000167772,ANGPTL4,2187.6943288530624
181,ENSG00000133048,CHI3L1,2184.0207268851145
743,ENSG00000166523,CLEC4E,2170.86054447719
1159,ENSG00000077713,SLC25A43,2170.6373400006973
299,ENSG00000114405,C3orf14,2154.7847240992955
747,ENSG00000205809,KLRC2,2154.0067465645925
59,ENSG00000184454,NCMAP,2148.604510443551
466,ENSG00000256980,KHDC1L,2145.8642567225866
292,ENSG00000008300,CELSR3,2140.482879093715
119,ENSG00000168509,HFE2,2136.935563836779
1049,ENSG00000142408,CACNG8,2128.521196092878
212,ENSG00000186453,FAM228A,2125.585361753191
913,ENSG00000184811,TUSC5,2119.571449007307
717,ENSG00000078124,ACER3,2119.31143624442
950,ENSG00000159217,IGF2BP1,2118.569742475237
388,ENSG00000171643,S100Z,2118.1167488098145
529,ENSG00000228049,POLR2J2,2114.567150115967
886,ENSG00000177455,CD19,2105.407744543893
931,ENSG00000108448,TRIM16L,2096.876722063337
713,ENSG00000167791,CABP2,2092.8756681169784
543,ENSG00000128567,PODXL,2083.3549554007395
1036,ENSG00000204851,PNMAL2,2073.0724645342148
0,ENSG00000186092,OR4F5,2070.663927759443
1083,ENSG00000171189,GRIK1,2068.9515119280136
129,ENSG00000159450,TCHH,2062.8198040553502
687,ENSG00000166796,LDHC,2049.046505519322
283,ENSG00000183813,CCR4,2048.7996161324636
878,ENSG00000183889,NPIPA7,2041.3249479021345
210,ENSG00000143878,RHOB,2038.072265625
781,ENSG00000111046,MYF6,2033.7331597464424
943,ENSG00000171401,KRT13,2008.246344430106
1002,ENSG00000102575,ACP5,2001.0733032226562
1135,ENSG00000102174,PHEX,1999.1954770769391
1184,ENSG00000165246,NLGN4Y,1990.1713815416608
963,ENSG00000214087,ARL16,1986.7854374476842
250,ENSG00000163092,XIRP2,1979.9779575892858
496,ENSG00000106541,AGR2,1979.9351272583008
95,ENSG00000055732,MCOLN3,1971.3292549678258
483,ENSG00000146453,PNLDC1,1963.5974102020264
523,ENSG00000188175,HEPACAM2,1954.988967350551
526,ENSG00000160870,CYP3A7,1954.0376379830498
550,ENSG00000197993,KEL,1949.6873332432338
161,ENSG00000072694,FCGR2B,1946.331508091518
824,ENSG00000092068,SLC7A8,1940.2631051199776
957,ENSG00000182687,GALR2,1934.6845136369977
719,ENSG00000077498,TYR,1932.154798235212
269,ENSG00000115648,MLPH,1927.1940836225237
1058,ENSG00000180532,ZSCAN4,1923.8502764020648
804,ENSG00000133105,RXFP2,1922.211900438581
135,ENSG00000241794,SPRR2A,1921.8062234606061
805,ENSG00000133101,CCNA1,1916.9888409205846
60,ENSG00000187010,RHD,1909.9892425877708
680,ENSG00000255823,MTRNR2L8,1907.8159435817174
160,ENSG00000162747,FCGR3B,1898.5844432285853
1153,ENSG00000102409,BEX4,1896.532939365932
912,ENSG00000183688,FAM101B,1892.8015354701452
685,ENSG00000134339,SAA2,1891.731154850551
1121,ENSG00000189306,RRP7A,1891.1825169154577
1158,ENSG00000204025,TRPC5OS,1887.7461572374616
282,ENSG00000163576,EFHB,1886.3464856828962
563,ENSG00000197181,PIWIL2,1883.7472457885742
701,ENSG00000183134,PTGDR2,1871.5891423906598
431,ENSG00000244476,ERVFRD-1,1866.600001335144
609,ENSG00000196873,CBWD3,1865.8153599330358
477,ENSG00000170162,VGLL2,1858.0699397495814
673,ENSG00000167311,ART5,1856.070776803153
1024,ENSG00000011332,DPF1,1855.1441410609655
309,ENSG00000082684,SEMA5B,1852.2689296177455
1186,ENSG00000198692,EIF1AY,1840.8083501543317
472,ENSG00000132423,COQ3,1837.6061335972377
335,ENSG00000145113,MUC4,1837.5121040344238
302,ENSG00000269028,MTRNR2L12,1829.882253919329
1164,ENSG00000102239,BRS3,1826.4819957188197
627,ENSG00000148400,NOTCH1,1822.991899762835
883,ENSG00000155719,OTOA,1812.455330984933
899,ENSG00000125144,MT1G,1808.5260478428431
449,ENSG00000096060,FKBP5,1807.8948168073382
700,ENSG00000166928,MS4A14,1802.7219423566546
418,ENSG00000170624,SGCD,1793.7672794886998
663,ENSG00000119973,PRLHR,1793.150286946978
1116,ENSG00000100336,APOL4,1785.6479988098145
66,ENSG00000197245,FAM110D,1780.7565777982984
683,ENSG00000006611,USH1C,1778.1788620948792
226,ENSG00000168878,SFTPB,1778.1396793637957
657,ENSG00000148677,ANKRD1,1776.0584100995745
112,ENSG00000134198,TSPAN2,1774.2523832321167
399,ENSG00000204965,PCDHA5,1766.429200581142
668,ENSG00000099834,CDHR5,1761.982673236302
186,ENSG00000117322,CR2,1759.1132719857353
301,ENSG00000169855,ROBO1,1755.3069599696569
25,ENSG00000116198,CEP104,1744.3179122379847
128,ENSG00000163157,TMOD4,1741.465276173183
942,ENSG00000126337,KRT36,1737.8048806871686
873,ENSG00000168101,NUDT16L1,1730.2789971487862
512,ENSG00000196275,GTF2IRD2,1723.3325696672712
1141,ENSG00000158578,ALAS2,1717.5344183785576
851,ENSG00000151575,TEX9,1715.6584587097168
438,ENSG00000186470,BTN3A2,1715.0912421090263
767,ENSG00000198353,HOXC4,1713.3181413922991
416,ENSG00000253846,PCDHGA10,1704.9313648768834
960,ENSG00000204278,TMEM235,1703.9676600864955
312,ENSG00000184897,H1FX,1701.226850782122
442,ENSG00000204540,PSORS1C1,1700.9146663120814
825,ENSG00000197616,MYH6,1698.9017137799945
1069,ENSG00000170367,CST5,1698.2579727172852
1185,ENSG00000012817,KDM5D,1697.0760955810547
648,ENSG00000122852,SFTPA1,1694.4204395839147
561,ENSG00000145002,FAM86B2,1688.2551852634974
1104,ENSG00000128218,VPREB3,1686.8110237121582
970,ENSG00000141404,GNAL,1684.8820615495954
100,ENSG00000230667,SETSIP,1681.0694702693395
1113,ENSG00000185339,TCN2,1669.118797302246
768,ENSG00000170627,GTSF1,1667.3478922162737
887,ENSG00000183336,BOLA2,1661.7204110281807
733,ENSG00000151704,KCNJ1,1659.8502259935651
245,ENSG00000144278,GALNT13,1659.8384786333356
1181,ENSG00000067048,DDX3Y,1658.495482308524
749,ENSG00000060140,STYK1,1644.5477338518415
652,ENSG00000133665,DYDC2,1643.1480870928083
888,ENSG00000181625,SLX1B,1635.872013092041
485,ENSG00000235272,FAM103A2P,1617.2593582698278
305,ENSG00000138483,CCDC54,1616.403194972447
937,ENSG00000167914,GSDMA,1607.504005432129
576,ENSG00000165084,C8orf34,1604.2262311662946
599,ENSG00000155886,SLC24A2,1596.7344665527344
959,ENSG00000070495,JMJD6,1596.4755314418248
568,ENSG00000104722,NEFM,1593.4266815185547
617,ENSG00000136918,WDR38,1591.7917556762695
366,ENSG00000118777,ABCG2,1587.763766697475
148,ENSG00000160856,FCRL3,1585.6500750950404
710,ENSG00000204710,SPDYC,1576.3989528928485
837,ENSG00000133937,GSC,1570.4292875017438
820,ENSG00000256553,TRAV1-2,1566.7765644618444
395,ENSG00000181965,NEUROG1,1564.6290305001396
92,ENSG00000197568,HHLA3,1563.7362386158534
628,ENSG00000214402,LCNL1,1561.4925046648298
956,ENSG00000182938,OTOP3,1561.2048132760185
541,ENSG00000230626,RP11-286H14.4,1559.4466351100377
383,ENSG00000113088,GZMK,1558.0400891985212
221,ENSG00000183733,FIGLA,1553.824863433838
631,ENSG00000187134,AKR1C1,1551.672764641898
1010,ENSG00000130522,JUND,1544.744879586356
308,ENSG00000036828,CASR,1544.4748289925712
653,ENSG00000184923,NUTM2A,1536.5699326651436
645,ENSG00000168209,DDIT4,1535.9263910566058
367,ENSG00000138696,BMPR1B,1533.6291484832764
1162,ENSG00000182890,GLUD2,1533.358431679862
499,ENSG00000136244,IL6,1525.3588272503443
1005,ENSG00000160951,PTGER1,1524.9581298828125
251,ENSG00000172318,B3GALT1,1519.640724182129
654,ENSG00000214562,NUTM2D,1517.3459576198034
1149,ENSG00000184905,TCEAL2,1512.2515182495117
1167,ENSG00000182195,LDOC1,1509.701972416469
286,ENSG00000179934,CCR8,1504.5424837384905
34,ENSG00000120937,NPPB,1497.512130192348
1082,ENSG00000154645,CHODL,1496.8315500531878
932,ENSG00000205212,CCDC144NL,1495.4991209847587
330,ENSG00000163888,CAMK2N2,1493.454770224435
811,ENSG00000102837,OLFM4,1490.117480141776
862,ENSG00000185594,SPATA8,1485.3911116463798
706,ENSG00000149781,FERMT3,1482.0538962227959
783,ENSG00000133640,LRRIQ1,1481.3871568952288
414,ENSG00000253537,PCDHGA7,1479.383531842913
596,ENSG00000170122,FOXD4,1476.5962704249791
929,ENSG00000108551,RASD1,1473.915425981794
231,ENSG00000115602,IL1RL1,1472.6786395481654
756,ENSG00000134532,SOX5,1471.7168513706752
686,ENSG00000173432,SAA1,1463.2886265345983
500,ENSG00000136235,GPNMB,1459.033656529018
1025,ENSG00000262484,CCER2,1457.6664747510638
1009,ENSG00000105650,PDE4C,1457.4489786965507
209,ENSG00000196208,GREB1,1455.581666128976
407,ENSG00000113212,PCDHB7,1450.48743220738
547,ENSG00000258083,OR9A4,1450.2914875575475
852,ENSG00000035664,DAPK2,1446.1802248273577
967,ENSG00000141433,ADCYAP1,1444.8294566018242
771,ENSG00000205327,OR6C68,1442.5701381138392
97,ENSG00000016490,CLCA1,1439.1001422064644
1031,ENSG00000124449,IRGC,1436.8786067962646
681,ENSG00000254598,CSNK2A3,1433.4919289180211
123,ENSG00000184678,HIST2H2BE,1430.2536523001534
785,ENSG00000074527,NTN4,1429.454893384661
815,ENSG00000175820,CCDC168,1423.8681313650948
1004,ENSG00000104998,IL27RA,1422.1097161429268
612,ENSG00000106809,OGN,1421.9292776925224
758,ENSG00000057294,PKP2,1421.771469116211
255,ENSG00000189362,TMEM194B,1418.2755530221123
1018,ENSG00000187135,VSTM2B,1411.8831896100726
788,ENSG00000111245,MYL2,1409.7584991455078
172,ENSG00000116690,PRG4,1402.197029386248
807,ENSG00000215475,SIAH3,1401.126605442592
962,ENSG00000182156,ENPP7,1401.0889132363457
176,ENSG00000143355,LHX9,1400.99100453513
1070,ENSG00000180383,DEFB124,1395.310586111886
973,ENSG00000118271,TTR,1390.2004664284843
1022,ENSG00000126259,KIRREL2,1384.1541543688093
55,ENSG00000173372,C1QA,1382.3854506356377
42,ENSG00000233954,UQCRHL,1380.0337295532227
538,ENSG00000106302,HYAL4,1366.361512047904
1187,ENSG00000198763,MT-ND2,1355.449731009347
43,ENSG00000183888,C1orf64,1354.937807389668
605,ENSG00000215126,CBWD7,1354.2987872532435
1137,ENSG00000147119,CHST7,1354.0400788443428
471,ENSG00000111886,GABRR2,1348.9177878243584
479,ENSG00000118520,ARG1,1347.3770512172155
382,ENSG00000164283,ESM1,1335.0286181313652
15,ENSG00000160072,ATAD3B,1334.239778995514
991,ENSG00000105246,EBI3,1331.0573155539375
643,ENSG00000122859,NEUROG3,1329.9596644810267
334,ENSG00000176945,MUC20,1326.7589990752083
232,ENSG00000115604,IL18R1,1323.5553975786481
133,ENSG00000163209,SPRR3,1323.2254355294365
336,ENSG00000119227,PIGZ,1319.0902186802455
504,ENSG00000180347,CCDC129,1317.2782690865654
241,ENSG00000152086,TUBA3E,1317.065485545567
337,ENSG00000133256,PDE6B,1313.9836959838867
73,ENSG00000181773,GPR3,1308.2627668380737
380,ENSG00000168671,UGT3A2,1306.217064176287
50,ENSG00000162482,AKR7A3,1305.7537211009435
847,ENSG00000206127,GOLGA8O,1302.6134283883232
1028,ENSG00000261857,MIA,1296.0330587114606
424,ENSG00000051596,THOC3,1292.6461839675903
889,ENSG00000213648,SULT1A4,1289.8850812911987
102,ENSG00000117525,F3,1287.8519656317574
891,ENSG00000180209,MYLPF,1281.7320829119
173,ENSG00000090104,RGS1,1278.663105555943
1157,ENSG00000176076,KCNE1L,1275.5908426557269
1056,ENSG00000105146,AURKC,1275.1583960396904
896,ENSG00000155393,HEATR3,1274.4348929268974
1173,ENSG00000177854,TMEM187,1272.8918135506767
8,ENSG00000184163,FAM132A,1271.062124303409
1182,ENSG00000183878,UTY,1268.3241974966866
353,ENSG00000171195,MUC7,1264.954205921718
895,ENSG00000102924,CBLN1,1262.8078182765416
664,ENSG00000254636,ARMS2,1261.8767713819232
517,ENSG00000146707,POMZP3,1259.671868460519
439,ENSG00000124635,HIST1H2BJ,1258.5423872811455
679,ENSG00000180988,OR52N2,1247.858877999442
266,ENSG00000177673,C2orf57,1247.0711768014091
676,ENSG00000213934,HBG1,1242.2440872192383
966,ENSG00000141526,SLC16A3,1236.271992274693
802,ENSG00000165566,AMER2,1231.8389105115618
738,ENSG00000110799,VWF,1226.747692653111
750,ENSG00000197870,PRB3,1224.681876046317
51,ENSG00000117215,PLA2G2D,1223.1491771084923
65,ENSG00000158022,TRIM63,1221.9210411480494
58,ENSG00000185436,IFNLR1,1221.6672150748116
111,ENSG00000197852,FAM212B,1220.7569318498884
412,ENSG00000254221,PCDHGB1,1217.3771078927177
1034,ENSG00000008438,PGLYRP1,1214.8580810001918
658,ENSG00000197430,OPALIN,1213.8105234418597
678,ENSG00000181001,OR52N1,1213.791756766183
1001,ENSG00000174652,ZNF266,1213.2409046718053
890,ENSG00000090238,YPEL3,1209.8364225115095
893,ENSG00000140675,SLC5A2,1208.5692095075335
745,ENSG00000256660,CLEC12B,1204.4864480154854
260,ENSG00000168530,MYL1,1203.9951487949916
718,ENSG00000188997,KCTD21,1201.5616809300013
708,ENSG00000168062,BATF2,1200.3529815673828
313,ENSG00000170893,TRH,1197.1879147120885
974,ENSG00000141437,SLC25A52,1190.849127633231
778,ENSG00000156076,WIF1,1184.0026234218053
656,ENSG00000152779,SLC16A12,1181.4634857177734
1021,ENSG00000105668,UPK1A,1181.1450860159737
921,ENSG00000174326,SLC16A11,1180.9249943324498
122,ENSG00000203814,HIST2H2BF,1177.6252054486956
919,ENSG00000196388,INCA1,1174.2602100372314
595,ENSG00000160882,CYP11B1,1168.116494315011
49,ENSG00000159423,ALDH4A1,1152.334085191999
265,ENSG00000135914,HTR2B,1149.9826186043877
533,ENSG00000181016,LSMEM1,1149.6964721679688
1076,ENSG00000124157,SEMG2,1142.8002978733607
1059,ENSG00000204519,ZNF551,1142.334969656808
789,ENSG00000111331,OAS3,1129.8678545270648
940,ENSG00000183153,GJD3,1128.3211599077497
859,ENSG00000156222,SLC28A1,1121.7545277731758
773,ENSG00000166856,GPR182,1119.884559086391
357,ENSG00000081041,CXCL2,1113.6391815458026
467,ENSG00000080007,DDX43,1113.1493917192731
961,ENSG00000184557,SOCS3,1113.1408732278007
486,ENSG00000164850,GPER1,1112.6780548095703
577,ENSG00000221947,XKR9,1104.7460964747838
121,ENSG00000121634,GJA8,1100.3632888793945
510,ENSG00000182111,ZNF716,1098.926636014666
955,ENSG00000108950,FAM20A,1098.8261266435895
1172,ENSG00000184343,SRPK3,1098.155394417899
603,ENSG00000204930,FAM221B,1095.8908091953822
294,ENSG00000178537,SLC25A20,1093.1114120483398
1043,ENSG00000169035,KLK7,1092.5368017469134
868,ENSG00000251692,PTX4,1084.9795235225133
1096,ENSG00000160255,ITGB2,1083.5598547799248
495,ENSG00000171243,SOSTDC1,1082.5638296944755
342,ENSG00000184985,SORCS2,1080.797858101981
373,ENSG00000248329,APELA,1078.6650592258998
67,ENSG00000176083,ZNF683,1073.322067805699
619,ENSG00000148357,HMCN2,1070.3255898611885
359,ENSG00000169116,PARM1,1069.6574783325195
93,ENSG00000057468,MSH4,1065.6713316781181
10,ENSG00000224051,CPTP,1062.3167983463832
190,ENSG00000143512,HHIPL2,1061.604869025094
284,ENSG00000114739,ACVR2B,1060.0289088657923
671,ENSG00000214026,MRPL23,1058.6420386178154
1051,ENSG00000129991,TNNI3,1054.7213151114327
928,ENSG00000125414,MYH2,1051.4879477364677
90,ENSG00000152760,TCTEX1D1,1051.2349275180272
1112,ENSG00000099985,OSM,1051.1857321602959
1105,ENSG00000133433,GSTT2B,1049.9682750701904
630,ENSG00000148408,CACNA1B,1048.5374837602888
1068,ENSG00000170369,CST2,1047.0078800746373
225,ENSG00000179528,LBX2,1046.6392835889544
144,ENSG00000163467,TSACC,1044.657153402056
167,ENSG00000203737,GPR52,1043.8986679485865
403,ENSG00000243232,PCDHAC2,1043.8159746442523
618,ENSG00000160447,PKN3,1043.6321716308594
289,ENSG00000012223,LTF,1042.012508392334
423,ENSG00000183072,NKX2-5,1041.6097330365862
261,ENSG00000072182,ASIC4,1036.3234127589635
180,ENSG00000133055,MYBPH,1031.6235903331212
625,ENSG00000160323,ADAMTS13,1031.5816192626953
1128,ENSG00000128165,ADM2,1027.3722310747419
360,ENSG00000174792,C4orf26,1026.1379051208496
1014,ENSG00000160352,ZNF714,1025.1097749982562
488,ENSG00000218823,PAPOLB,1023.0844140733991
271,ENSG00000184182,UBE2F,1020.7594800676618
918,ENSG00000185245,GP1BA,1017.4922594342913
867,ENSG00000095917,TPSD1,1017.407511302403
829,ENSG00000100453,GZMB,1014.4092476708548
742,ENSG00000198178,CLEC4C,1012.8748490469796
130,ENSG00000143536,CRNN,1010.3040052141462
990,ENSG00000175691,ZNF77,1008.2938205174038
769,ENSG00000161634,DCD,1007.5896737234933
537,ENSG00000170807,LMOD2,1003.5579438890729
1171,ENSG00000130829,DUSP9,1002.3193010602679
765,ENSG00000170423,KRT78,1001.5301862444196
927,ENSG00000166579,NDEL1,999.2177134922573
1094,ENSG00000160224,AIRE,998.1838558741978
84,ENSG00000188396,TCTEX1D4,996.9645549229214
1044,ENSG00000160318,CLDND2,994.3235800606864
634,ENSG00000148483,TMEM236,994.2671519688198
197,ENSG00000188739,RBM34,994.2096012660435
253,ENSG00000138435,CHRNA1,993.3764256068638
44,ENSG00000186510,CLCNKA,993.2605414390564
985,ENSG00000070388,FGF22,992.0171309879848
79,ENSG00000179862,CITED4,991.8125468662807
215,ENSG00000171303,KCNK3,989.8894830431257
406,ENSG00000081818,PCDHB4,989.8295214516776
257,ENSG00000226124,FTCDNL1,986.4622696467808
198,ENSG00000244020,MT1HL1,980.4832567487445
995,ENSG00000181240,SLC25A41,979.2635765075684
1054,ENSG00000179873,NLRP11,978.6765681675503
259,ENSG00000163599,CTLA4,976.4020047869001
587,ENSG00000164756,SLC30A8,973.3369636535645
132,ENSG00000196734,LCE1B,969.7234363555908
532,ENSG00000006652,IFRD1,968.3899056570871
61,ENSG00000188672,RHCE,967.5447462626865
786,ENSG00000139351,SYCP3,965.7808794294085
835,ENSG00000100593,ISM2,951.6982100350516
1103,ENSG00000189269,DRICH1,950.0160140991211
872,ENSG00000205832,C16orf96,941.2434207371304
162,ENSG00000162746,FCRLB,940.9334438868931
1061,ENSG00000101276,SLC52A3,933.5451916285923
274,ENSG00000154252,GAL3ST2,933.243093763079
1188,ENSG00000198695,MT-ND6,925.8449674333845
1139,ENSG00000102109,PCSK1N,925.636213030134
637,ENSG00000128805,ARHGAP22,925.1335571834019
191,ENSG00000203697,CAPN8,924.9841856275286
459,ENSG00000124490,CRISP2,923.9795818328857
228,ENSG00000163060,TEKT4,922.8564434051514
281,ENSG00000131379,C3orf20,918.0464134216309
939,ENSG00000126368,NR1D1,913.8395739964077
854,ENSG00000188501,LCTL,911.615461077009
993,ENSG00000130383,FUT5,911.1216114589146
1115,ENSG00000128313,APOL5,909.1630085536411
707,ENSG00000219435,TEX40,907.5228909083775
204,ENSG00000197472,ZNF695,906.1146398271833
863,ENSG00000161980,POLR3K,902.766852242606
182,ENSG00000162877,PM20D1,901.6457444599697
727,ENSG00000110245,APOC3,900.8283260890415
402,ENSG00000251664,PCDHA12,900.3035605294364
934,ENSG00000108576,SLC6A4,899.2291246141706
593,ENSG00000167653,PSCA,899.039363179888
672,ENSG00000110628,SLC22A18,898.7104731968471
916,ENSG00000182327,GLTPD2,897.9587680271694
503,ENSG00000106128,GHRHR,894.9381055831909
552,ENSG00000213214,ARHGEF35,892.9278757912772
39,ENSG00000142615,CELA2A,891.5806386811392
1029,ENSG00000204941,PSG5,888.3541145324707
365,ENSG00000118785,SPP1,886.7088165283203
17,ENSG00000189409,MMP23B,883.4021824428013
480,ENSG00000146383,TAAR6,879.967166355678
964,ENSG00000182676,PPP1R27,876.3408639090402
222,ENSG00000003137,CYP26B1,874.3969644818987
572,ENSG00000196711,FAM150A,869.2301374162946
131,ENSG00000198854,C1orf68,866.1858600888934
1136,ENSG00000198814,GK,859.9917101178851
608,ENSG00000184659,FOXD4L4,858.5361923490252
588,ENSG00000136982,DSCC1,858.3515723092215
580,ENSG00000133742,CA1,857.1015908377511
602,ENSG00000137077,CCL21,854.3321228027344
371,ENSG00000164056,SPRY1,853.1583622523716
31,ENSG00000171819,ANGPTL7,850.2467861175537
381,ENSG00000113600,C9,849.9375403267996
104,ENSG00000196427,NBPF4,847.551696232387
166,ENSG00000010932,FMO1,843.2690102713449
242,ENSG00000152093,CFC1B,841.4735837663923
1045,ENSG00000105366,SIGLEC8,841.0069580078125
52,ENSG00000187980,PLA2G2C,839.874583380563
833,ENSG00000119681,LTBP2,839.0658950805664
328,ENSG00000187033,SAMD7,837.2724097115653
237,ENSG00000169629,RGPD8,833.6588641575405
822,ENSG00000211804,TRDV1,832.9532873971121
584,ENSG00000174226,SNX31,828.0668721880231
91,ENSG00000033122,LRRC7,827.0441066196987
168,ENSG00000116147,TNR,825.0426112583706
369,ENSG00000248713,RP11-766F14.2,824.8302287374224
1027,ENSG00000174521,TTC9B,823.4259612219674
1148,ENSG00000174225,ARL13A,822.343145098005
390,ENSG00000189127,ANKRD34B,820.4201987130301
230,ENSG00000144191,CNGA3,820.1759914670672
814,ENSG00000102452,NALCN,818.4079344613211
514,ENSG00000006606,CCL26,816.481803894043
154,ENSG00000132693,CRP,816.4715491703579
551,ENSG00000221938,OR2A14,811.3919388907296
611,ENSG00000197506,SLC28A3,810.6794828687396
1110,ENSG00000100314,CABP7,810.2846630641392
711,ENSG00000175513,TSGA10IP,808.9729766845703
288,ENSG00000160791,CCR5,807.1060464041574
1154,ENSG00000172476,RAB40A,806.3956963675363
794,ENSG00000170890,PLA2G1B,805.8497341700962
207,ENSG00000118004,COLEC11,801.9861063276019
1026,ENSG00000105205,CLC,801.7804303850446
586,ENSG00000164841,TMEM74,801.7129930768695
202,ENSG00000162843,WDR64,801.5847184317453
1019,ENSG00000173809,TDRD12,800.9643789018903
234,ENSG00000196862,RGPD4,798.4913063049316
252,ENSG00000163328,GPR155,797.3274852207729
455,ENSG00000112619,PRPH2,795.9579238891602
262,ENSG00000152049,KCNE4,788.9387558528355
28,ENSG00000049247,UTS2,788.1979446411133
134,ENSG00000163216,SPRR2D,785.7446681431362
452,ENSG00000172738,TMEM217,785.3716760362897
355,ENSG00000124875,CXCL6,782.8161610875811
478,ENSG00000184530,C6orf58,781.2610844203404
763,ENSG00000170545,SMAGP,781.2541765485491
239,ENSG00000184492,FOXD4L1,778.9378212520054
56,ENSG00000159189,C1QC,777.9232640947614
958,ENSG00000186919,ZACN,777.1610521589007
53,ENSG00000162551,ALPL,775.9336799894061
170,ENSG00000143333,RGS16,775.634154183524
1114,ENSG00000100302,RASD2,766.9315828595843
542,ENSG00000128510,CPA4,766.6596238272531
793,ENSG00000135116,HRK,764.9148603166852
298,ENSG00000187672,ERC2,762.8562703473227
607,ENSG00000204779,FOXD4L5,762.0864712851388
214,ENSG00000115155,OTOF,759.5734895978655
99,ENSG00000183347,GBP6,759.1635738100324
1,ENSG00000187634,SAMD11,757.8961212975638
808,ENSG00000173988,LRRC63,757.7003363200596
885,ENSG00000197272,IL27,755.6363874162946
318,ENSG00000118017,A4GNT,753.1207847595215
615,ENSG00000188959,C9orf152,746.7129756382534
384,ENSG00000145649,GZMA,743.5424673897879
553,ENSG00000127399,LRRC61,741.4101290021624
156,ENSG00000117090,SLAMF1,741.244261605399
109,ENSG00000143125,PROK1,740.3921550342014
149,ENSG00000158488,CD1E,737.7845262799945
819,ENSG00000169385,RNASE2,736.9359970092773
636,ENSG00000151023,ENKUR,734.4916806902204
38,ENSG00000162438,CTRC,731.8137991768973
200,ENSG00000133019,CHRM3,731.0885816301618
775,ENSG00000175189,INHBC,729.6906749180386
954,ENSG00000253506,NACA2,729.3253996712821
972,ENSG00000134489,HRH4,726.1219133649554
363,ENSG00000169245,CXCL10,725.925647190639
81,ENSG00000117394,SLC2A1,725.1398816789899
192,ENSG00000185842,DNAH14,722.8077363456998
604,ENSG00000168828,OR13J1,721.7717764718192
194,ENSG00000243709,LEFTY1,718.1202550615583
205,ENSG00000162722,TRIM58,715.83302961077
233,ENSG00000153165,RGPD3,712.7538791384015
882,ENSG00000169246,NPIPB3,708.0002005440848
790,ENSG00000089116,LHX5,706.6027336120605
87,ENSG00000203995,ZYG11A,706.4288586207798
647,ENSG00000185303,SFTPA2,706.2228044782366
879,ENSG00000214967,NPIPA7,703.4395315987723
1037,ENSG00000130748,TMEM160,702.0951516287668
464,ENSG00000082293,COL19A1,701.1518475668771
291,ENSG00000164047,CAMP,700.678113256182
505,ENSG00000164532,TBX20,699.1873550415039
1100,ENSG00000211642,IGLV10-54,696.5774209158761
1003,ENSG00000179284,DAND5,695.8007975987026
592,ENSG00000198576,ARC,693.219845363072
723,ENSG00000170276,HSPB2,690.9302771432059
965,ENSG00000169738,DCXR,682.6372517177036
229,ENSG00000168754,FAM178B,682.1007164546421
920,ENSG00000132530,XAF1,679.6611622401646
989,ENSG00000172000,ZNF556,678.601318359375
491,ENSG00000169402,RSPH10B2,676.7098797389439
27,ENSG00000173662,TAS1R1,675.7065911974225
1165,ENSG00000102243,VGLL1,672.9560121808734
951,ENSG00000108813,DLX4,670.7807960510254
307,ENSG00000138472,GUCA1C,669.4587249755859
531,ENSG00000198839,ZNF277,665.0124751499721
623,ENSG00000170835,CEL,664.292707170759
46,ENSG00000219481,NBPF1,661.1967652865818
1086,ENSG00000177398,UMODL1,658.2471509660993
12,ENSG00000205116,TMEM88B,656.7445410319737
6,ENSG00000186827,TNFRSF4,656.6536452429635
30,ENSG00000162444,RBP7,653.0726285321372
870,ENSG00000183971,NPW,651.8877236502511
1013,ENSG00000160161,CILP2,651.8553216116769
979,ENSG00000166562,SEC11C,651.2312398638044
175,ENSG00000116785,CFHR3,650.9686391013009
818,ENSG00000169397,RNASE3,647.3677934919085
559,ENSG00000226430,USP17L7,645.6836021968296
411,ENSG00000204956,PCDHGA1,643.6331323896136
1179,ENSG00000092377,TBL1Y,643.4751905713763
817,ENSG00000182545,RNASE10,642.3562240600586
589,ENSG00000169436,COL22A1,633.8188351222446
1142,ENSG00000256045,MTRNR2L10,629.4439228602818
515,ENSG00000106178,CCL24,628.7293274062021
728,ENSG00000255274,TMPRSS4-AS1,625.0068926130023
396,ENSG00000078795,PKD2L2,623.4591827392578
140,ENSG00000163352,LENEP,622.2077315194266
996,ENSG00000182566,CLEC4G,621.126332964216
740,ENSG00000111678,C12orf57,619.4721886771066
897,ENSG00000224578,HNRNPA1P48,619.0642972673688
45,ENSG00000187144,SPATA21,616.4566911969866
5,ENSG00000188157,AGRN,616.007223878588
1102,ENSG00000128322,IGLL1,615.7228458949497
1055,ENSG00000197213,ZSCAN5B,614.2700292042324
556,ENSG00000176269,OR4F21,613.7905720302036
468,ENSG00000065833,ME1,613.2669595990862
1108,ENSG00000100122,CRYBB1,611.6438593183245
923,ENSG00000184560,C17orf74,609.9409174237933
880,ENSG00000233024,NPIPA7,609.3128749302456
1161,ENSG00000101892,ATP1B4,608.8489104679653
562,ENSG00000036565,SLC18A1,607.9652436120169
667,ENSG00000171772,SYCE1,607.5532757895334
220,ENSG00000183607,GKN2,607.2832469940186
507,ENSG00000164746,C7orf57,604.5692825317383
47,ENSG00000159363,ATP13A2,595.4438749040876
613,ENSG00000130950,NUTM2F,593.459474836077
1040,ENSG00000142538,PTH2,588.961559840611
930,ENSG00000072310,SREBF1,585.4951406206403
169,ENSG00000162779,AXDND1,585.0543909754072
983,ENSG00000099866,MADCAM1,578.3604027884347
705,ENSG00000149452,SLC22A8,578.2779312133789
435,ENSG00000158373,HIST1H2BD,578.1510451180594
316,ENSG00000174611,KY,576.2556125095913
752,ENSG00000182993,C12orf60,575.7241774967739
1107,ENSG00000133454,MYO18B,575.4913597106934
2,ENSG00000187642,PERM1,573.787250322955
78,ENSG00000084072,PPIE,573.1388854980469
581,ENSG00000104327,CALB1,570.6341097695487
217,ENSG00000171132,PRKCE,569.2952853611538
900,ENSG00000102962,CCL22,566.1176261901855
1072,ENSG00000129988,LBP,565.8619194030762
702,ENSG00000006118,TMEM132A,564.6977157592773
534,ENSG00000106013,ANKRD7,563.9976964678083
866,ENSG00000162009,SSTR5,562.1752504621234
693,ENSG00000214872,SMTNL1,561.7259074619839
1087,ENSG00000160181,TFF2,559.882138797215
35,ENSG00000083444,PLOD1,557.2232135704586
976,ENSG00000153391,INO80C,555.5084315708706
984,ENSG00000099822,HCN2,555.2018993922642
106,ENSG00000143107,FNDC7,552.0767642429897
333,ENSG00000178732,GP5,550.9084271022251
195,ENSG00000143768,LEFTY2,546.3714730398996
915,ENSG00000182557,SPNS3,544.9281441824777
101,ENSG00000198691,ABCA4,542.0605599539621
892,ENSG00000177238,TRIM72,540.8091245378766
1111,ENSG00000176635,HORMAD2,540.2222279139927
994,ENSG00000125652,ALKBH7,539.9490454537528
871,ENSG00000215131,C16orf90,539.8411200387137
904,ENSG00000198650,TAT,535.4564323425293
848,ENSG00000184984,CHRM5,534.4307518005371
760,ENSG00000139223,ANP32D,531.6198656899588
982,ENSG00000267127,RP11-795F19.5,530.0683555603027
698,ENSG00000134827,TCN1,529.9623914446149
703,ENSG00000256713,PGA5,525.5471867152622
876,ENSG00000254852,NPIPA2,522.5227535792759
810,ENSG00000253309,SERPINE3,520.7378455570766
1032,ENSG00000213892,CEACAM16,515.0894415719168
37,ENSG00000142621,FHAD1,514.6464438438416
470,ENSG00000164411,GJB7,511.9936960765294
1119,ENSG00000225528,RP3-370M22.8,511.8834887913295
189,ENSG00000143507,DUSP10,507.8623308454241
806,ENSG00000139656,SMIM2,504.72576086861744
137,ENSG00000143556,S100A7,502.9047976902553
138,ENSG00000196420,S100A5,500.0373273236411
981,ENSG00000057149,SERPINB3,496.23330361502514
642,ENSG00000156515,HK1,495.3959696633475
832,ENSG00000183379,SYNDIG1L,486.71120534624373
426,ENSG00000204661,C5orf60,486.46571568080356
571,ENSG00000147465,STAR,485.58375712803434
89,ENSG00000162598,C1orf87,484.4995318821498
770,ENSG00000172551,MUCL1,483.33010155814037
590,ENSG00000184489,PTP4A3,479.0438744681222
63,ENSG00000127423,AUNIP,477.8843111310686
20,ENSG00000178821,TMEM52,474.8061611992972
68,ENSG00000131914,LIN28A,474.129627432142
397,ENSG00000204970,PCDHA1,467.78543635777066
629,ENSG00000185863,TMEM210,466.58899470738004
884,ENSG00000103522,IL21R,466.05129786900113
799,ENSG00000121743,GJA3,465.14976501464844
1047,ENSG00000187474,FPR3,464.01531655447826
394,ENSG00000113520,IL4,460.346539906093
82,ENSG00000117400,MPL,459.0542691775731
1131,ENSG00000006757,PNPLA4,458.1481410435268
433,ENSG00000180573,HIST1H2AC,453.9699832371303
779,ENSG00000149948,HMGA2,451.6460326058524
1155,ENSG00000123572,NRK,447.2607748849051
757,ENSG00000188375,H3F3C,443.1536855697632
1063,ENSG00000125787,GNRH2,438.40296936035156
903,ENSG00000157335,CLEC18C,434.27366311209545
83,ENSG00000198520,C1orf228,428.6123035975865
223,ENSG00000135631,RAB11FIP5,424.0809922899519
566,ENSG00000180053,NKX2-6,423.304819379534
660,ENSG00000107831,FGF8,422.55715451921736
945,ENSG00000180336,C17orf104,422.24341256277904
124,ENSG00000184270,HIST2H2AB,417.12999943324496
32,ENSG00000215910,C1orf167,415.74398762839184
674,ENSG00000129749,CHRNA10,412.2326780046736
54,ENSG00000219073,CELA3B,411.8064930779593
1023,ENSG00000126243,LRFN3,411.13276181902205
268,ENSG00000196811,CHRNG,409.3746544974191
445,ENSG00000231389,HLA-DPA1,405.1458402361189
126,ENSG00000143452,HORMAD1,403.57012380872453
116,ENSG00000203859,HSD3B2,401.5400186947414
206,ENSG00000172554,SNTG2,401.23365633828297
669,ENSG00000117983,MUC5B,398.70908900669644
697,ENSG00000134812,GIF,398.4166295187814
521,ENSG00000242950,ERVW-1,394.35813903808594
776,ENSG00000139269,INHBE,393.17521122523715
906,ENSG00000140961,OSGIN1,391.5762459891183
157,ENSG00000143217,PVRL4,388.4823409489223
11,ENSG00000175756,AURKAIP1,385.3137323515756
980,ENSG00000197641,SERPINB13,381.97242954799106
36,ENSG00000120949,TNFRSF8,380.3700564929417
419,ENSG00000113249,HAVCR1,377.63084193638394
850,ENSG00000140274,DUOXA2,373.37982395717074
183,ENSG00000196188,CTSE,368.8912149156843
339,ENSG00000206113,RP11-503N18.1,366.72872107369557
1123,ENSG00000128274,A4GALT,362.2068713051932
624,ENSG00000148290,SURF1,361.6928459916796
555,ENSG00000186480,INSIG1,360.51587459019254
1075,ENSG00000175121,WFDC5,357.51074504852295
115,ENSG00000116882,HAO2,349.17858178274975
141,ENSG00000185499,MUC1,346.0440720149449
16,ENSG00000205090,TMEM240,345.914071900504
57,ENSG00000188822,CNR2,345.82608926296234
114,ENSG00000134258,VTCN1,344.7150862557547
446,ENSG00000124493,GRM4,340.4624881744385
463,ENSG00000188107,EYS,336.7685636792864
575,ENSG00000167910,CYP7A1,336.2167985098703
846,ENSG00000175344,CHRNA7,333.5078010559082
69,ENSG00000175793,SFN,332.9646028450557
62,ENSG00000204178,TMEM57,329.6546722139631
908,ENSG00000129910,CDH15,325.22789764404297
361,ENSG00000156194,PPEF2,319.3245865958078
295,ENSG00000114349,GNAT1,318.9700562613351
150,ENSG00000163554,SPTA1,317.31595734187533
393,ENSG00000239642,AC034228.7,313.39524677821566
193,ENSG00000143819,EPHX1,305.7697323390416
19,ENSG00000169885,CALML6,305.23156312533786
26,ENSG00000187017,ESPN,301.5466856275286
158,ENSG00000158874,APOA2,301.50179699489047
136,ENSG00000143546,S100A8,300.4808038984026
670,ENSG00000149043,SYT8,299.21652439662387
737,ENSG00000130037,KCNA5,293.35330091203963
936,ENSG00000073598,FNDC8,285.7158020564488
1050,ENSG00000239998,LILRA2,279.400997706822
582,ENSG00000265817,FSBP,276.37801579066684
41,ENSG00000116771,AGMAT,271.4841844694955
185,ENSG00000123838,C4BPA,270.16506004333496
1122,ENSG00000249222,ATP5L2,265.57785865238736
77,ENSG00000185668,POU3F1,265.1933777332306
715,ENSG00000132746,ALDH3B2,261.9749905722482
494,ENSG00000146530,VWDE,259.7132819039481
174,ENSG00000231767,MIR4426,244.18354034423828
23,ENSG00000157870,FAM213B,244.0903103010995
926,ENSG00000179111,HES7,241.64488465445382
40,ENSG00000215704,CELA2B,241.1630552836827
971,ENSG00000181626,ANKRD62,240.77302026748657
677,ENSG00000213931,HBE1,237.8620877947126
29,ENSG00000049249,TNFRSF9,234.03171995707922
986,ENSG00000116014,KISS1R,227.54899760654993
127,ENSG00000143409,FAM63A,221.48298236301966
385,ENSG00000175857,GAPT,211.07824516296387
351,ENSG00000187054,TMPRSS11A,208.0519861493792
86,ENSG00000186790,FOXE3,207.35128729684013
107,ENSG00000162641,AKNAD1,206.47807965959822
317,ENSG00000114054,PCCB,195.09419904436385
798,ENSG00000227059,ANHX,183.67148372105189
184,ENSG00000182795,C1orf116,167.05274173191614
48,ENSG00000117115,PADI2,162.28442420278276
14,ENSG00000215915,ATAD3C,155.29119982038225
9,ENSG00000160087,UBE2J2,147.5232048715864
901,ENSG00000150394,CDH8,114.37794549124581
7,ENSG00000078808,SDF4,76.58164160592216
